DOLocationID,total_amount,fare_amount,trip_distance,tip_amount
264,4.81,3.5,1.18,0.01
264,15.55,5.55,0.28,10.0
264,85.3,81.0,0.03,4.0
264,26.0,20.0,0.03,6.0
265,170.67,125.5,9.11,15.0
265,83.16,68.0,25.04,13.86
264,30.36,25.0,0.01,5.06
264,141.3,131.0,0.01,10.0
264,18.0,15.0,0.02,2.7
265,187.7,150.0,45.94,31.28
264,39.0,30.0,0.01,9.0
264,48.36,40.0,3.57,8.06
264,24.36,20.0,0.03,4.06
264,168.36,140.0,0.2,28.06
265,40.41,40.0,0.04,0.11
264,56.3,55.0,0.12,1.0
265,71.0,70.0,0.11,0.7
265,71.8,70.0,13.23,1.0
264,60.36,50.0,0.02,10.06
265,100.25,75.0,7.08,10.0
264,18.36,15.0,0.01,3.06
264,84.0,70.0,0.03,14.0
264,75.38,60.0,0.13,15.08
265,33.85,32.0,11.26,0.05
265,32.8,30.0,8.73,2.0
264,53.25,42.3,0.01,10.65
265,277.88,221.0,44.37,55.58
264,16.62,12.5,3.41,3.32
264,6.96,5.0,0.8,1.16
265,64.8,61.0,22.56,3.0
265,41.32,40.5,13.42,0.02
265,26.3,23.5,8.08,2.0
265,135.96,111.5,29.23,22.66
265,56.16,45.0,12.17,9.36
264,30.36,25.0,0.01,5.06
265,52.86,27.0,5.92,8.81
264,9.96,8.0,0.01,1.66
265,40.56,32.5,10.95,6.76
264,17.16,13.0,3.07,2.86
265,35.0,30.5,7.44,3.7
264,8.0,7.0,0.02,0.7
264,9.49,7.0,0.01,2.19
264,7.56,5.5,0.7,1.26
265,95.3,80.0,19.16,15.0
264,23.79,18.0,0.01,5.49
264,9.3,8.0,0.12,1.0
264,11.62,9.0,0.02,2.32
265,32.0,22.0,6.47,5.4
264,30.36,25.0,0.01,5.06
264,20.3,16.5,4.27,2.0
264,6.96,4.5,0.77,1.16
264,11.1,10.0,0.01,0.8
264,14.76,12.0,0.01,2.46
265,35.91,27.0,9.37,5.66
265,74.76,61.5,22.14,12.46
265,80.76,46.0,17.08,13.46
265,63.8,60.0,15.02,3.0
265,14.83,14.0,4.57,0.03
265,30.8,27.0,8.26,3.0
265,51.62,40.5,11.48,10.32
264,25.26,17.5,3.37,4.21
264,22.05,17.5,3.8,1.0
264,10.56,8.0,1.58,1.76
264,9.96,8.0,0.01,1.66
265,168.66,125.0,6.44,28.11
264,11.8,2.5,0.07,8.0
265,30.82,25.5,8.94,4.02
265,54.36,44.0,15.76,9.06
265,33.0,30.0,2.6,3.0
265,180.36,150.0,0.15,30.06
265,60.36,50.0,16.36,10.06
264,12.31,11.0,0.04,1.01
265,73.93,70.0,22.54,0.88
265,97.3,74.5,21.26,10.0
265,8.76,6.5,1.4,1.46
265,42.96,35.0,12.25,7.16
264,8.19,6.0,0.03,1.89
265,129.44,87.5,18.32,25.89
264,8.76,6.0,1.22,1.46
265,37.81,36.5,12.7,0.01
264,12.0,10.0,2.49,2.0
265,50.38,39.5,9.71,10.08
265,40.8,7.5,1.69,20.0
265,63.25,52.5,18.41,8.0
264,19.05,14.5,3.55,1.0
265,40.7,37.0,13.76,0.1
264,52.0,45.0,0.03,7.0
264,5.16,2.5,0.01,0.86
264,13.1,9.5,2.02,1.8
265,105.96,87.5,23.01,17.66
264,48.36,40.0,0.04,8.06
265,65.55,54.5,17.81,8.3
265,40.0,35.0,11.96,5.0
264,31.05,23.5,5.15,4.0
265,90.3,82.5,19.95,7.0
265,40.8,38.0,13.32,2.0
265,28.56,23.0,6.19,4.76
265,29.8,25.0,6.04,3.0
264,15.3,14.0,0.06,1.0
264,17.75,14.0,3.4,2.95
265,31.3,26.5,8.18,3.0
264,24.36,20.0,0.19,4.06
265,98.5,77.5,28.75,19.7
265,125.76,103.5,27.15,20.96
264,10.8,2.5,0.01,7.0
264,8.76,7.0,0.21,1.46
264,18.36,15.0,0.02,3.06
265,50.16,40.5,11.37,8.36
265,87.96,72.0,22.49,14.66
264,8.76,6.0,0.8,1.46
264,11.16,9.0,0.06,1.86
265,76.8,67.0,24.84,9.0
265,38.16,31.0,10.85,6.36
265,37.56,30.5,9.63,6.26
265,29.8,26.5,2.24,2.0
265,45.36,36.0,9.1,7.56
264,75.38,60.0,0.04,15.08
264,10.38,8.0,0.01,2.08
264,23.8,20.0,5.34,2.0
264,8.58,6.0,0.73,0.78
265,54.12,41.5,12.54,10.82
265,41.16,32.5,9.0,6.86
265,28.3,26.0,7.96,1.0
264,18.36,15.0,0.02,3.06
264,17.55,13.0,3.11,1.0
265,37.23,32.0,9.9,4.43
265,43.4,42.5,15.25,0.1
264,19.12,14.5,3.59,3.82
265,206.52,168.5,35.14,34.42
264,10.56,7.0,1.07,1.76
264,12.36,10.0,0.01,2.06
265,39.36,31.0,8.86,6.56
265,43.8,40.0,13.15,2.0
264,15.38,10.5,2.01,3.08
264,8.3,6.0,1.01,1.0
264,7.5,4.5,0.7,1.7
264,30.36,25.0,0.01,5.06
265,69.36,56.5,20.86,11.56
264,7.56,6.0,0.04,1.26
264,26.38,20.0,0.1,6.08
265,40.56,33.0,7.66,6.76
264,21.96,18.0,0.04,3.66
265,71.16,58.5,14.95,11.86
265,21.3,18.5,4.79,2.0
264,10.8,9.0,0.03,1.8
264,20.76,17.0,0.12,3.46
265,30.96,24.5,8.38,5.16
264,32.55,26.5,7.17,2.0
265,66.51,38.0,10.5,10.76
264,20.05,14.0,3.93,2.0
265,34.3,30.0,14.69,4.0
265,216.62,172.5,39.2,43.32
264,48.06,39.75,0.01,8.01
265,45.95,36.5,12.2,7.65
264,14.76,12.0,0.02,2.46
265,35.76,29.0,9.38,5.96
265,38.16,31.0,11.16,6.36
265,111.36,91.5,34.3,18.56
265,38.52,28.0,9.35,6.42
264,14.52,11.8,0.01,2.42
264,4.56,2.5,0.01,0.76
265,34.05,20.0,2.56,2.0
264,14.76,12.0,0.13,2.46
264,10.46,2.5,0.02,6.66
264,30.36,25.0,0.04,5.06
264,66.36,55.0,0.02,11.06
265,30.0,25.5,7.46,3.7
265,50.16,41.0,15.18,8.36
265,61.49,46.5,15.33,14.19
265,91.76,76.5,29.35,8.34
264,23.3,20.0,0.1,3.0
265,75.38,59.5,21.52,15.08
265,147.88,117.5,26.91,29.58
265,50.3,45.0,14.46,5.0
265,54.36,44.5,12.56,9.06
265,53.16,43.5,15.16,8.86
265,120.3,111.5,26.68,8.0
265,50.8,45.0,12.79,5.0
265,72.36,60.0,11.41,12.06
265,90.0,85.0,21.53,5.0
264,13.56,11.0,0.01,2.26
265,34.81,34.0,9.7,0.01
265,30.36,24.5,7.5,5.06
265,109.56,90.5,22.39,18.26
265,47.25,37.0,11.8,9.45
265,143.16,118.5,25.85,23.86
264,24.36,19.5,4.16,4.06
264,29.16,24.0,0.01,4.86
265,68.46,44.5,16.16,11.41
265,71.92,60.0,21.66,5.0
264,24.96,20.0,4.67,4.16
265,44.75,35.0,12.04,8.95
265,45.96,36.5,8.97,7.66
264,10.8,8.0,1.35,1.0
265,34.3,30.5,9.43,2.0
264,8.16,5.5,0.72,1.36
264,48.36,40.0,0.03,8.06
264,21.36,16.5,4.08,3.56
265,110.8,80.0,18.37,15.0
265,41.16,18.5,5.32,6.86
265,130.0,107.0,39.76,7.2
265,54.36,45.0,3.08,9.06
265,108.0,90.0,24.3,18.0
264,12.35,9.5,1.8,2.05
264,9.96,8.0,0.01,1.66
265,39.75,31.0,8.66,7.95
265,43.55,34.5,9.1,7.25
264,33.6,28.0,0.03,5.6
265,69.66,45.0,11.0,11.61
264,91.39,70.0,0.01,21.09
265,35.8,30.0,7.3,5.0
265,84.0,60.5,19.48,22.7
264,7.56,5.5,0.71,1.26
265,31.0,24.0,7.93,2.4
264,12.36,10.0,0.01,2.06
264,17.3,15.0,0.01,2.0
265,39.96,31.5,8.29,6.66
264,12.96,9.5,2.01,2.16
265,27.36,21.5,7.1,4.56
265,142.1,111.0,30.95,23.68
265,54.99,41.0,14.68,12.69
264,17.94,12.5,3.12,4.14
265,31.3,29.5,9.38,1.0
264,15.87,13.0,2.1,2.07
264,12.36,10.0,0.12,2.06
264,5.91,2.5,0.15,0.66
265,28.56,23.0,6.78,4.76
265,86.46,68.5,19.53,14.41
264,14.76,12.0,0.03,2.46
265,104.16,85.0,19.72,17.36
265,58.56,47.0,12.85,9.76
264,11.16,9.0,0.08,1.86
264,11.16,7.5,1.16,1.86
264,10.8,7.0,0.8,2.0
265,68.3,56.5,20.69,6.0
264,19.3,17.0,0.16,2.0
265,31.71,23.5,7.45,4.96
265,27.8,25.5,8.56,1.0
264,10.56,8.5,0.01,1.76
265,41.3,40.0,3.23,1.0
265,57.36,46.5,16.82,9.56
265,23.8,21.5,7.3,1.0
265,43.71,34.0,7.39,6.96
264,27.96,23.0,0.01,4.66
264,17.8,15.0,3.19,2.0
264,11.16,8.5,1.59,1.86
264,30.0,25.0,0.01,5.0
264,8.76,7.0,0.04,1.46
265,64.55,41.0,7.73,8.0
264,8.76,7.0,0.02,1.46
265,187.88,150.0,54.1,37.58
265,78.67,45.5,12.4,3.75
265,72.8,66.5,16.93,5.0
264,14.3,12.0,2.83,1.0
264,7.56,6.0,0.02,1.26
265,74.75,58.5,19.5,14.95
265,171.3,20.0,7.08,150.0
264,14.3,12.0,2.75,1.0
265,42.96,34.5,9.32,7.16
265,48.36,40.0,14.08,8.06
264,12.36,10.0,0.01,2.06
264,37.88,30.0,0.01,7.58
265,24.36,20.0,0.3,4.06
264,48.36,40.0,0.01,8.06
265,118.5,80.0,7.75,23.7
265,44.3,27.0,6.14,2.0
265,27.51,20.5,4.33,4.26
264,22.71,16.5,3.15,3.46
264,14.8,7.0,1.14,7.0
265,103.8,70.0,8.82,17.3
264,8.75,6.0,0.8,1.45
265,37.6,32.5,11.69,1.0
264,12.0,9.5,1.85,1.2
265,179.16,148.0,33.23,29.86
264,36.36,30.0,0.01,6.06
264,8.76,7.0,0.78,1.46
264,60.36,50.0,0.23,10.06
264,10.38,8.0,0.01,2.08
265,43.5,34.0,12.37,8.7
265,38.3,32.5,11.41,5.0
265,33.06,13.0,3.79,5.51
264,69.96,58.0,0.04,11.66
264,6.9,2.5,0.01,3.6
264,9.95,7.5,1.2,1.65
265,33.5,26.0,8.68,6.7
265,61.8,60.0,22.5,1.0
264,15.0,12.0,2.25,1.7
265,22.3,20.0,0.01,2.0
264,33.06,24.0,7.65,5.51
265,26.8,23.0,6.06,3.0
265,36.38,30.5,10.1,3.13
264,26.76,22.0,0.07,4.46
264,39.96,32.5,11.52,6.66
264,12.36,9.0,1.69,2.06
264,8.0,7.0,0.01,1.0
264,15.55,10.5,2.61,1.0
265,84.0,70.0,19.4,14.0
265,62.23,54.0,18.93,5.48
265,22.8,19.0,4.7,3.0
264,6.0,4.0,0.61,1.2
264,65.31,52.0,0.01,10.56
264,31.55,25.0,7.25,3.0
265,36.3,31.5,10.57,4.0
264,36.55,32.0,8.75,1.0
265,42.96,35.0,10.67,7.16
265,115.86,84.0,31.8,19.31
264,12.39,11.5,1.3,0.09
264,20.16,15.0,2.93,3.36
265,23.91,16.5,4.86,3.66
264,21.96,18.0,0.01,3.66
265,46.54,34.5,11.3,10.74
264,5.8,2.5,0.01,2.0
265,36.36,30.0,0.04,6.06
265,30.96,25.0,7.75,5.16
265,87.3,81.5,21.14,5.0
264,8.0,7.0,0.02,0.7
264,9.49,7.0,0.01,2.19
264,48.06,36.5,10.17,8.01
264,11.76,9.0,1.84,1.96
264,81.62,65.0,0.02,16.32
265,64.31,63.5,15.1,0.01
264,14.46,8.5,1.53,2.41
265,83.46,57.5,12.07,13.91
264,26.39,20.0,5.13,6.09
264,47.8,40.0,14.01,7.0
265,45.36,36.0,9.46,7.56
265,40.8,37.0,12.16,2.0
264,21.65,13.5,2.9,3.6
265,36.96,29.5,8.93,6.16
264,9.36,6.5,1.49,1.56
265,48.96,39.5,14.07,8.16
265,89.16,73.0,16.59,14.86
264,40.3,35.0,0.02,5.0
265,32.76,26.5,7.9,5.46
264,12.36,9.5,2.08,2.06
264,8.3,2.5,0.01,5.0
265,30.36,25.0,1.86,5.06
264,41.01,28.0,8.64,9.46
265,43.26,25.0,8.08,3.76
265,43.29,32.5,9.06,9.99
265,34.8,29.0,9.5,5.0
264,13.56,10.5,2.3,2.26
264,45.3,40.0,0.04,5.0
265,30.3,28.5,8.55,1.0
265,33.8,29.5,9.84,3.0
265,27.36,21.5,7.08,4.56
265,200.46,155.0,19.95,33.41
264,9.96,8.0,0.02,1.66
265,84.89,64.0,21.65,19.59
265,91.3,79.0,0.43,12.0
265,104.46,83.0,30.73,17.41
265,77.15,63.5,22.1,12.85
264,15.18,14.0,0.01,0.88
264,3.81,3.0,0.2,0.01
264,25.31,25.0,0.04,0.01
264,33.41,32.0,0.02,1.11
265,63.44,48.0,11.58,14.64
265,100.8,95.0,22.18,5.0
264,41.99,32.0,0.02,9.69
265,21.91,20.0,5.34,1.11
264,11.0,9.7,0.02,1.0
265,23.5,18.0,4.77,4.7
265,97.86,69.0,25.65,16.31
265,39.36,32.0,8.51,6.56
265,87.3,80.5,19.37,5.0
264,65.3,40.0,0.08,25.0
265,50.16,40.0,11.66,8.36
264,14.3,11.5,2.22,1.0
264,8.4,7.0,0.01,1.1
265,40.3,25.0,18.73,15.0
264,11.16,9.0,0.04,1.86
264,14.76,12.0,0.01,2.46
264,6.5,5.0,0.01,1.5
264,19.56,16.0,0.02,3.26
264,43.3,40.0,0.04,3.0
264,12.36,10.0,0.01,2.06
265,127.3,121.5,46.42,5.0
265,128.76,106.5,24.06,21.46
265,27.96,22.5,7.21,4.66
264,11.3,10.0,0.01,1.0
264,14.0,12.0,0.03,2.0
264,17.76,14.0,3.15,2.96
264,85.3,80.0,7.63,5.0
264,45.35,36.5,13.5,7.55
264,16.64,11.5,3.14,3.84
264,15.95,12.0,2.6,2.65
264,14.69,10.0,2.09,3.39
264,11.0,7.5,1.71,2.2
264,8.38,6.0,0.89,1.08
265,43.75,30.0,5.1,2.0
264,14.15,10.5,2.4,2.35
265,116.46,85.0,0.01,19.41
265,84.96,69.5,21.16,14.16
265,50.16,40.5,13.94,8.36
264,14.76,12.0,0.21,2.46
265,101.1,95.8,0.43,5.0
265,157.32,112.5,39.96,26.22
264,48.36,40.0,0.04,8.06
264,120.36,100.0,7.71,20.06
265,74.05,70.0,15.22,1.0
264,7.56,6.0,0.01,1.26
265,39.96,32.5,11.51,6.66
264,85.56,71.0,0.01,14.26
265,203.46,157.0,32.16,33.91
265,30.06,10.5,2.9,5.01
264,13.53,11.5,3.3,1.23
264,48.42,40.05,0.01,8.07
264,10.38,8.0,0.02,2.08
264,20.3,17.0,4.28,2.5
264,4.29,2.5,0.02,0.99
264,54.36,45.0,0.02,9.06
264,39.3,35.0,6.72,4.0
265,39.8,33.5,10.87,5.5
264,9.49,7.0,0.01,2.19
264,44.12,35.0,0.02,8.82
265,29.16,23.5,6.51,4.86
264,6.8,2.5,0.01,3.0
264,15.36,11.5,2.74,2.56
265,42.75,30.0,4.2,1.0
265,38.1,33.0,11.8,1.0
265,60.84,46.0,11.91,14.04
265,35.8,30.0,9.56,5.0
265,48.35,39.5,10.4,8.05
264,14.4,12.0,0.03,2.4
264,19.86,13.0,3.13,3.31
265,115.69,80.5,23.66,23.14
265,37.56,29.5,10.33,6.26
264,90.3,80.0,0.04,10.0
264,36.0,30.0,6.34,6.0
264,47.55,40.0,13.73,3.5
264,12.36,10.0,0.01,2.06
265,38.3,33.5,7.45,4.0
264,31.86,23.0,5.86,5.31
265,21.96,18.0,0.01,3.66
265,64.5,48.0,12.36,12.9
265,116.09,88.5,21.06,26.79
265,72.55,50.5,11.4,10.0
265,161.15,133.5,29.4,26.85
265,61.26,39.0,5.78,10.21
264,59.28,48.0,13.37,7.73
264,12.8,12.0,0.04,0.5
265,66.12,50.5,12.59,11.02
264,14.75,9.5,1.87,0.7
265,34.56,27.5,9.17,5.76
264,12.96,9.5,1.79,2.16
264,20.3,12.0,0.26,8.0
265,32.8,30.5,7.57,1.0
264,12.8,2.5,0.04,9.0
265,30.96,25.0,8.48,5.16
264,8.0,7.0,0.11,0.7
265,63.56,49.5,0.17,0.01
265,41.3,39.5,12.65,1.0
265,44.3,38.5,11.42,5.0
264,36.05,28.5,7.9,4.0
265,41.3,38.0,10.63,2.5
264,108.36,90.0,0.01,18.06
264,22.3,20.0,0.18,2.0
265,41.76,33.0,9.11,6.96
264,12.36,10.0,0.01,2.06
265,48.96,39.5,12.04,8.16
265,101.3,75.0,22.27,25.0
265,46.2,24.5,6.04,4.4
264,29.46,21.0,4.93,4.91
264,3.38,2.5,0.02,0.08
265,12.36,9.5,2.04,2.06
264,18.66,12.0,2.95,3.11
265,60.8,35.5,7.6,8.0
265,105.92,89.0,34.13,10.0
265,32.76,26.5,8.96,5.46
264,6.62,5.0,0.01,1.32
264,12.85,9.5,1.1,2.55
264,12.3,9.0,1.78,1.5
264,17.3,12.0,0.02,5.0
264,42.36,35.0,13.11,7.06
264,15.96,11.5,2.26,2.66
265,38.16,30.0,10.32,6.36
264,27.8,25.5,7.26,1.0
264,10.8,2.5,0.01,7.0
265,129.96,93.5,12.58,21.66
265,139.65,125.0,16.09,0.15
265,92.69,55.5,19.95,21.39
264,8.76,7.0,0.01,1.46
265,52.8,43.5,15.5,8.0
265,11.44,8.0,1.88,2.64
264,9.55,7.0,0.11,2.25
265,39.3,36.5,9.39,2.0
265,14.76,11.5,2.61,2.46
264,11.16,9.0,0.02,1.86
265,27.8,23.0,7.97,4.0
264,31.3,26.0,0.02,5.0
264,9.96,8.0,0.01,1.66
265,39.96,32.5,10.51,6.66
265,106.01,69.0,15.59,24.46
265,70.15,58.5,19.5,8.9
265,49.56,41.0,6.01,8.26
264,16.85,12.5,2.23,0.8
265,50.02,41.0,8.6,6.27
265,40.56,33.0,9.97,6.76
265,103.8,92.0,18.64,10.0
265,81.96,66.5,17.03,13.66
265,51.62,40.0,13.45,10.32
265,40.8,37.5,12.13,2.0
265,66.14,45.0,10.56,7.09
265,38.31,30.0,0.43,6.06
265,66.35,54.0,15.9,11.05
264,16.92,13.8,0.3,2.82
265,55.85,50.0,17.86,5.55
265,85.3,74.0,19.13,10.0
265,128.85,120.0,13.07,5.8
264,115.56,96.0,0.01,19.26
265,43.29,32.5,8.97,9.99
265,66.81,41.5,8.41,10.81
264,15.36,12.0,2.77,2.56
265,70.69,42.5,7.1,14.14
265,87.36,72.0,17.72,14.56
265,51.3,45.5,11.54,5.0
265,29.12,22.0,7.36,5.82
264,45.3,40.0,0.04,5.0
265,23.8,10.5,0.11,12.0
265,80.8,69.5,21.09,10.0
264,35.38,35.0,0.01,0.08
265,28.32,27.5,9.47,0.02
265,63.34,46.0,16.04,8.47
264,15.8,2.5,0.26,12.0
264,13.8,11.5,2.95,1.0
265,48.36,40.0,12.7,8.06
264,15.31,15.0,0.01,0.01
264,41.99,32.0,0.01,9.69
265,54.36,44.5,15.27,9.06
265,26.15,21.0,7.2,4.35
265,104.3,80.0,26.7,17.38
264,12.88,9.5,2.07,2.58
264,7.3,2.5,0.01,4.0
264,12.36,10.0,0.04,2.06
265,45.36,36.0,12.52,7.56
264,7.56,5.0,0.88,1.26
265,38.16,30.5,9.73,6.36
264,8.76,7.0,0.04,1.46
265,31.56,25.5,8.26,5.26
265,73.05,48.5,11.54,10.0
265,12.96,10.0,2.7,2.16
265,92.8,82.0,19.18,10.0
264,70.7,52.0,18.29,11.78
264,11.3,10.0,0.01,1.0
265,31.8,29.0,9.6,2.0
265,40.11,31.0,9.11,6.36
265,44.1,25.0,2.9,7.35
265,33.96,27.5,8.92,5.66
265,24.81,23.0,7.43,0.01
265,86.87,64.5,21.7,14.45
265,35.8,33.0,9.05,1.0
264,27.69,19.5,4.65,6.39
264,14.91,9.0,1.3,1.36
265,43.8,41.0,14.16,1.0
265,41.76,33.5,10.32,6.96
264,40.31,40.0,0.01,0.01
264,13.86,7.5,1.38,2.31
264,15.8,13.5,3.25,1.0
265,48.36,39.0,14.01,8.06
265,77.09,58.5,15.03,17.79
265,54.36,45.0,18.89,9.06
265,34.56,28.0,9.3,5.76
265,43.78,34.5,12.2,3.53
265,134.87,105.5,30.3,22.45
265,68.76,56.5,13.16,11.46
265,53.82,46.0,15.9,7.02
265,60.3,39.0,11.94,6.0
264,27.05,19.5,5.8,4.0
264,9.35,6.0,0.8,1.55
265,49.93,32.0,4.61,2.88
264,24.3,20.0,0.01,4.0
265,112.05,81.5,29.93,15.0
264,21.62,16.0,4.17,4.32
265,140.3,99.0,26.1,40.0
264,9.35,7.0,1.3,1.55
265,83.17,42.5,14.9,20.0
264,98.3,91.0,0.01,7.0
264,36.06,26.5,7.44,6.01
264,6.6,2.5,0.01,3.3
264,27.95,22.5,5.2,4.65
265,42.25,33.0,7.88,8.45
265,35.8,30.0,9.0,5.0
264,42.36,35.0,0.02,7.06
264,45.96,37.5,9.73,7.66
264,12.31,10.5,2.21,0.01
265,32.16,25.0,7.44,5.36
265,47.16,38.0,9.44,7.86
264,23.1,19.0,4.86,2.8
264,15.3,10.0,0.01,5.0
265,153.8,122.5,33.5,30.0
264,18.75,15.0,0.04,3.75
265,57.8,47.0,16.26,10.0
264,6.89,5.0,0.25,1.59
265,59.63,41.5,8.39,3.58
265,36.8,35.0,10.26,1.0
264,39.55,31.0,9.2,5.0
265,61.92,52.0,19.48,3.0
264,6.36,5.0,0.02,1.06
264,9.25,8.0,0.01,1.25
265,40.3,37.5,12.51,2.0
265,33.96,27.5,8.92,5.66
265,46.62,26.0,8.29,9.32
264,29.15,23.5,6.0,4.85
264,48.36,40.0,0.02,8.06
264,11.3,8.5,1.48,1.0
265,24.36,20.0,5.83,4.06
264,42.36,35.0,0.27,7.06
264,12.36,10.0,0.01,2.06
264,50.38,40.0,0.02,10.08
265,30.36,24.0,8.3,5.06
264,12.36,10.0,0.02,2.06
265,132.0,110.0,27.74,22.0
264,11.3,8.5,2.4,1.5
264,48.36,40.0,0.01,8.06
265,85.3,75.0,0.17,10.0
264,8.19,6.0,0.02,1.89
264,15.37,15.0,0.03,0.07
264,48.36,40.0,0.02,8.06
264,8.18,6.5,1.03,0.88
264,24.36,20.0,0.24,4.06
264,19.0,14.0,3.69,1.45
265,71.76,59.0,20.38,11.96
264,18.19,11.0,2.55,3.64
265,31.56,25.5,8.38,5.26
265,140.46,103.0,36.6,31.96
265,92.88,73.5,18.62,18.58
265,63.36,52.0,18.42,10.56
265,144.36,120.0,23.07,24.06
264,10.3,2.5,0.08,7.0
264,21.36,16.5,3.43,3.56
264,6.36,5.0,0.02,1.06
265,90.0,75.0,1.64,15.0
265,50.76,41.0,12.14,8.46
265,30.36,24.0,7.23,5.06
264,106.62,85.0,0.01,21.32
265,162.95,134.5,32.9,27.15
265,38.76,32.0,9.13,6.46
264,12.88,10.0,0.04,2.58
264,16.8,12.0,2.5,3.5
264,22.5,20.0,0.33,2.2
264,8.15,6.0,1.0,1.35
264,17.85,13.5,3.1,3.55
265,52.06,26.0,8.43,11.56
265,51.96,42.5,14.36,8.66
264,16.3,15.0,0.12,1.0
264,15.1,12.8,0.01,2.0
264,15.38,11.5,1.99,3.08
264,19.26,12.0,2.8,3.21
264,12.96,9.5,1.71,2.16
265,58.3,52.5,14.01,5.0
264,8.76,6.5,1.0,1.46
264,10.56,8.0,1.28,1.76
265,80.76,66.5,16.1,13.46
264,6.8,5.0,0.68,1.0
264,13.8,12.0,0.3,1.5
265,42.36,33.5,9.15,7.06
265,57.83,34.5,11.43,5.08
264,36.36,30.0,0.01,6.06
264,6.85,4.0,0.7,1.55
265,70.56,43.0,14.96,11.76
264,30.36,25.0,0.01,5.06
264,8.3,7.0,0.17,1.0
264,12.66,7.0,1.3,2.11
264,46.3,40.0,0.04,6.0
264,12.35,9.5,2.0,2.05
265,114.3,80.5,22.1,10.0
264,13.56,9.5,1.71,2.26
264,16.3,13.0,3.1,2.0
264,9.96,8.0,0.01,1.66
265,198.06,162.0,26.62,33.01
265,40.56,32.5,9.11,6.76
265,52.68,21.0,6.35,15.88
264,9.0,8.0,0.01,0.7
265,50.16,40.5,11.45,8.36
264,18.06,11.0,2.57,3.01
264,12.25,8.5,1.91,2.45
265,97.26,76.5,28.64,8.39
265,39.3,33.5,7.45,5.0
264,55.3,40.0,0.04,15.0
265,37.44,28.0,9.19,8.64
264,9.35,7.0,1.1,1.55
264,16.56,13.0,3.58,2.76
265,53.69,26.0,6.83,12.39
265,54.12,40.5,14.17,9.02
265,61.3,54.5,13.66,5.0
265,42.36,34.0,9.34,7.06
265,42.96,34.5,10.03,7.16
265,31.7,29.5,10.03,0.9
264,21.8,18.5,6.0,2.5
264,34.06,33.75,0.01,0.01
264,21.29,20.0,0.04,0.99
264,80.16,46.0,16.24,13.36
264,8.1,7.0,0.01,0.8
265,53.8,43.0,14.7,10.0
264,19.03,13.0,2.55,2.48
264,11.3,10.0,0.02,1.0
265,115.26,93.0,17.07,19.21
264,12.36,10.0,0.04,2.06
265,42.35,33.5,10.2,7.05
265,45.36,36.0,12.01,7.56
264,8.16,5.0,0.71,1.36
265,45.36,36.0,9.23,7.56
264,20.31,20.0,0.01,0.01
265,33.8,30.5,10.6,2.0
264,15.3,12.0,2.78,2.0
265,147.66,120.0,29.27,24.61
264,20.8,17.5,5.8,2.0
265,117.96,97.0,23.04,19.66
265,20.16,15.5,4.31,3.36
264,27.45,21.5,5.53,2.4
265,38.76,31.5,10.47,6.46
264,12.36,10.0,0.01,2.06
265,25.11,18.5,6.28,3.86
265,30.72,22.0,6.32,5.12
265,38.3,17.5,4.76,20.0
265,62.3,60.0,5.68,2.0
265,102.36,85.0,14.77,17.06
264,70.42,52.0,18.04,7.0
265,44.3,39.5,11.6,3.0
265,39.3,35.5,12.3,2.0
265,70.26,46.0,7.92,11.71
264,9.36,6.5,1.2,1.56
264,15.1,13.8,0.01,1.0
265,124.29,95.0,22.96,5.0
265,163.05,150.0,26.09,10.0
265,35.1,30.0,14.87,4.8
264,8.76,6.0,1.0,1.46
265,21.85,21.0,0.5,0.05
265,9.8,5.5,1.2,3.0
264,14.76,12.0,0.01,2.46
264,3.96,2.5,7.39,0.66
265,155.76,129.0,30.75,25.96
265,63.51,34.0,8.44,10.26
264,45.3,35.0,0.02,10.0
265,29.16,23.5,6.37,4.86
265,80.3,70.5,16.87,9.0
265,95.76,79.0,19.53,15.96
265,79.56,61.5,14.18,13.26
264,24.36,20.0,0.04,4.06
265,50.46,27.5,6.17,8.41
264,15.99,12.0,0.01,3.69
264,27.37,17.5,5.48,6.32
264,15.96,13.0,0.12,2.66
265,31.56,25.5,6.35,5.26
265,128.15,80.5,23.85,21.36
264,4.29,2.5,0.12,0.99
264,12.36,10.0,0.04,2.06
264,7.55,5.0,0.8,1.25
264,7.5,5.0,0.71,1.2
265,67.3,65.0,10.87,2.0
264,7.56,6.0,0.01,1.26
264,41.3,40.0,0.01,1.0
264,4.94,2.5,0.02,1.14
265,130.31,130.0,33.54,0.01
265,5.0,0.0,6.2,5.0
265,20.16,15.5,4.01,3.36
265,90.3,85.0,14.26,5.0
264,12.8,11.0,3.05,1.0
264,57.3,52.0,0.04,5.0
264,65.31,52.0,0.01,10.56
264,30.3,25.0,0.02,5.0
265,73.6,71.0,17.94,1.8
264,9.18,2.5,0.02,5.88
264,13.55,10.5,2.7,2.25
265,29.76,24.0,6.74,4.96
265,24.8,21.5,6.1,2.0
264,10.0,8.3,0.01,1.4
265,57.96,47.0,17.47,9.66
264,15.96,13.0,0.04,2.66
265,63.44,47.5,14.78,14.64
264,8.76,7.0,0.01,1.46
265,81.42,70.0,29.53,5.0
264,36.36,30.0,0.07,6.06
264,24.36,20.0,0.01,4.06
264,75.38,60.0,0.01,15.08
264,48.36,40.0,0.02,8.06
264,5.37,4.5,0.52,0.07
264,4.29,2.5,0.15,0.99
264,12.36,9.0,2.13,2.06
264,24.36,20.0,0.01,4.06
265,87.88,70.0,17.54,17.58
264,18.36,15.0,0.14,3.06
264,12.3,10.0,0.04,2.0
264,14.76,11.5,2.6,2.46
265,63.36,52.0,18.36,10.56
264,14.75,11.5,2.4,2.45
264,11.27,9.0,2.3,1.47
265,42.3,36.5,12.66,5.0
265,44.3,41.5,12.8,2.0
264,21.06,14.0,2.78,3.51
264,8.75,5.5,0.8,1.45
265,55.92,42.0,14.21,9.32
265,91.32,71.5,17.94,15.22
265,50.6,42.0,13.72,4.0
264,12.36,8.5,1.58,2.06
265,21.35,16.5,4.7,3.55
265,55.56,45.0,12.77,9.26
264,56.3,46.0,0.02,10.0
265,64.28,44.5,15.29,12.86
264,15.99,11.5,2.95,3.69
264,7.88,6.0,0.02,1.58
264,12.36,10.0,0.02,2.06
265,58.56,48.0,16.39,9.76
265,75.1,60.5,14.29,10.0
264,32.3,2.5,0.04,28.0
264,22.3,17.0,0.03,5.0
264,18.36,15.0,0.01,3.06
265,39.36,31.5,8.93,6.56
265,41.33,40.0,11.35,0.03
265,10.68,6.5,0.91,2.88
264,22.56,17.5,4.85,3.76
265,50.0,45.0,0.2,5.0
265,53.16,43.5,10.48,8.86
265,51.96,42.5,15.2,8.66
265,50.38,23.0,5.96,10.08
264,43.29,33.0,0.04,9.99
264,11.3,8.0,0.02,3.0
264,42.36,35.0,0.3,7.06
264,15.36,12.0,3.23,2.56
265,63.0,55.0,14.55,7.7
265,114.36,93.5,34.38,19.06
265,53.88,40.0,11.29,10.78
264,17.16,13.0,3.57,2.86
265,32.88,25.0,7.79,6.58
265,35.16,28.5,8.93,5.86
264,16.55,13.0,3.7,2.75
265,26.16,21.0,5.05,4.36
264,7.3,3.5,0.42,2.0
265,26.16,20.0,5.52,4.36
264,9.96,8.0,0.01,1.66
264,13.3,8.0,0.01,5.0
265,33.96,27.0,8.11,5.66
265,124.7,96.5,37.3,20.78
264,96.36,80.0,0.01,16.06
264,19.12,15.0,0.01,3.82
264,19.89,15.0,0.01,4.59
264,9.0,8.0,0.01,0.7
265,32.76,26.5,7.5,5.46
265,20.75,16.5,4.0,3.45
265,6.96,5.0,0.42,1.16
265,65.8,60.0,15.14,5.0
264,15.32,14.5,2.5,0.02
265,72.8,55.0,6.2,1.0
265,73.42,56.5,20.85,10.0
264,11.16,8.0,1.48,1.86
265,199.1,158.5,40.27,33.18
265,53.32,52.0,13.63,0.02
264,9.49,7.0,0.04,2.19
264,18.36,15.0,0.02,3.06
264,24.36,20.0,0.01,4.06
264,40.38,40.0,0.02,0.08
265,239.1,176.5,43.44,55.18
265,73.92,60.0,17.72,7.0
264,63.3,60.0,0.08,3.0
264,44.12,35.0,0.02,8.82
264,9.3,7.0,0.02,2.0
264,6.36,4.5,0.87,1.06
264,9.6,2.5,0.01,6.3
264,28.73,21.8,0.02,6.63
265,23.82,22.5,6.87,0.02
264,19.56,16.0,0.01,3.26
265,79.88,78.5,20.59,0.08
264,54.36,45.0,0.02,9.06
265,15.96,12.5,3.08,2.66
265,46.71,36.5,12.77,7.46
264,11.3,10.0,0.07,1.0
265,23.16,18.5,5.47,3.86
264,14.76,12.0,0.04,2.46
265,42.96,34.5,9.43,7.16
264,12.0,10.0,0.02,2.0
265,49.8,46.0,16.58,3.0
265,26.31,19.5,5.83,4.06
265,47.16,38.5,12.9,7.86
265,100.7,77.0,28.24,16.78
264,11.8,9.0,1.86,2.0
265,66.36,55.0,0.15,11.06
264,16.6,12.5,1.9,3.3
264,40.32,40.0,0.01,0.02
265,78.36,65.0,8.52,13.06
265,62.63,45.5,12.78,0.08
264,11.4,7.0,0.5,2.6
265,104.8,83.0,19.96,20.0
264,12.3,10.0,0.02,2.0
264,19.56,14.5,3.45,3.26
265,26.16,20.5,6.54,4.36
265,42.96,34.5,9.4,7.16
264,17.3,15.0,0.02,2.0
265,75.3,70.0,21.47,5.0
265,54.12,26.0,6.25,10.82
264,12.36,10.0,0.01,2.06
264,36.36,30.0,3.8,6.06
264,12.3,10.0,0.01,2.0
265,76.7,57.0,14.59,12.78
264,23.4,14.0,3.5,8.6
264,49.27,31.5,7.6,9.85
265,60.38,60.0,17.57,0.08
265,34.8,31.0,6.22,2.0
265,49.38,42.5,13.98,5.08
265,46.71,35.5,9.56,7.46
264,8.3,7.0,0.02,1.0
264,11.3,10.0,0.01,1.0
265,75.1,60.5,14.08,10.0
265,105.96,86.5,20.61,17.66
265,121.56,100.0,38.6,20.26
264,15.3,11.0,2.0,3.5
264,15.38,11.5,2.23,3.08
264,38.15,31.0,8.3,6.35
264,26.15,21.0,5.7,4.35
265,73.8,53.0,9.99,20.0
265,64.8,48.5,10.23,5.0
264,62.67,52.0,0.01,7.92
265,50.38,45.0,12.39,4.58
264,14.76,12.0,0.04,2.46
265,136.8,85.0,18.03,50.0
264,22.25,16.0,3.71,4.45
264,12.36,10.0,0.04,2.06
264,10.79,6.5,0.77,2.49
264,7.11,2.5,0.01,0.86
265,27.3,24.0,7.5,2.0
264,7.38,6.0,1.01,0.08
265,40.56,32.5,9.17,6.76
265,71.9,53.0,18.77,11.98
265,17.76,14.0,3.08,2.96
265,81.36,67.0,16.9,13.56
265,51.36,42.0,14.04,8.56
265,36.66,18.0,5.37,6.11
265,142.56,117.0,33.76,23.76
265,76.18,65.5,22.75,8.88
265,83.52,65.0,15.11,13.92
265,49.56,39.5,11.81,8.26
265,154.75,122.0,25.73,30.95
265,110.38,86.5,23.12,22.08
265,49.14,36.0,8.28,11.34
265,220.56,182.0,38.49,36.76
265,222.56,175.0,55.48,44.51
265,87.21,58.0,11.91,14.21
265,50.05,33.5,6.15,3.0
265,41.8,35.5,12.84,5.0
265,43.56,35.0,9.27,7.26
264,17.76,13.5,2.69,2.96
265,40.56,32.5,11.81,6.76
265,70.3,65.0,22.59,5.0
265,96.36,79.0,21.16,16.06
264,23.38,23.0,0.28,0.08
264,16.56,13.5,0.01,2.76
264,42.36,35.0,0.01,7.06
264,18.36,15.0,0.01,3.06
264,40.3,35.0,0.21,5.0
264,18.48,18.0,0.04,0.18
264,25.38,25.0,0.12,0.08
265,116.16,82.0,15.62,19.36
265,64.55,53.0,20.1,10.75
265,28.88,19.5,6.64,5.78
265,48.05,29.5,10.61,4.0
265,55.05,36.0,5.33,5.0
265,30.96,25.0,9.01,5.16
264,7.3,2.5,0.08,4.0
265,97.56,80.5,20.51,16.26
265,72.3,61.5,20.69,10.0
265,67.98,50.5,16.67,8.61
264,16.0,12.5,0.04,3.2
264,9.96,8.0,0.02,1.66
264,18.36,14.0,2.82,3.06
265,90.3,80.0,20.94,10.0
265,38.8,32.5,11.2,5.0
264,42.36,35.0,0.02,7.06
264,18.48,15.5,4.21,1.68
265,60.36,50.0,0.17,10.06
265,19.56,15.0,3.87,3.26
264,36.0,30.0,0.04,6.0
264,24.0,20.0,0.01,4.0
265,70.0,35.5,13.3,33.2
264,50.38,40.0,0.03,10.08
265,55.3,50.0,8.04,5.0
264,85.38,68.0,0.02,17.08
264,13.56,11.0,0.04,2.26
265,74.31,43.0,13.89,12.06
264,10.56,8.0,1.44,1.76
264,120.66,86.5,26.46,20.11
264,20.1,15.0,0.12,4.8
264,16.56,13.0,2.37,2.76
264,20.3,19.0,0.03,1.0
265,32.55,17.0,5.26,1.0
264,14.76,12.0,0.14,2.46
264,19.12,15.0,0.01,3.82
265,83.16,68.0,25.94,13.86
264,18.36,14.0,3.64,3.06
265,44.8,40.5,14.81,3.5
264,21.3,20.0,0.14,1.0
264,27.8,24.0,7.27,3.0
265,65.1,49.5,12.2,12.0
264,17.16,14.0,0.04,2.86
264,8.76,7.0,0.01,1.46
264,71.9,52.5,19.38,11.98
264,10.32,10.0,0.01,0.02
265,31.3,27.0,7.32,3.5
265,34.56,28.0,8.12,5.76
265,29.38,28.5,5.52,0.08
264,8.3,7.0,0.14,1.0
264,14.0,12.0,0.01,1.7
265,237.36,197.0,42.81,39.56
265,32.16,26.0,8.53,5.36
265,72.3,66.5,25.03,5.0
264,10.38,8.0,0.01,2.08
264,8.5,6.0,1.13,1.7
265,81.35,67.0,24.6,13.55
265,36.96,30.0,8.97,6.16
264,12.36,10.0,0.01,2.06
264,10.56,7.0,0.95,1.76
265,104.6,75.0,16.27,25.0
265,81.8,70.0,18.21,10.0
265,74.31,58.5,19.89,12.06
264,19.89,15.0,0.01,4.59
265,66.05,41.0,5.68,10.0
265,41.16,32.5,9.13,6.86
264,14.16,10.0,1.83,2.36
265,31.56,25.0,8.61,5.26
264,13.39,9.0,1.88,3.09
265,25.3,15.0,0.17,10.0
265,96.37,65.0,24.74,27.27
264,12.36,10.0,0.01,2.06
265,91.25,63.0,21.96,15.21
264,9.12,7.0,0.02,1.82
265,128.16,106.0,36.5,21.36
265,79.75,63.0,23.28,15.95
265,88.7,67.0,24.35,14.78
265,30.05,12.5,3.0,5.0
264,24.12,19.0,0.02,4.82
265,58.56,48.0,15.27,9.76
264,3.38,2.5,0.24,0.08
264,9.96,8.0,0.01,1.66
265,39.36,31.5,9.13,6.56
265,88.8,77.5,18.08,10.0
264,31.62,25.0,0.01,6.32
264,14.76,12.0,0.01,2.46
264,8.0,7.0,0.01,0.7
264,60.38,48.0,0.02,12.08
265,79.9,57.0,19.51,15.98
265,66.96,55.0,10.63,11.16
264,18.96,15.0,3.37,3.16
264,7.3,2.5,0.02,4.0
265,32.31,24.5,7.4,5.06
265,85.3,75.0,0.17,10.0
265,6.62,5.0,0.06,1.32
264,10.78,8.0,0.97,0.98
265,45.96,36.5,9.45,7.66
265,29.8,26.0,8.83,2.0
265,121.56,100.0,23.22,20.26
264,65.3,60.0,0.01,5.0
264,16.0,15.0,0.15,0.7
265,93.5,80.0,29.75,12.2
264,17.88,14.0,0.01,3.58
264,9.36,7.8,0.02,1.56
264,61.3,55.0,0.04,6.0
265,61.56,51.0,0.17,10.26
265,145.0,128.0,31.34,10.08
265,38.31,29.5,8.45,6.06
265,30.81,30.0,10.24,0.01
264,23.3,2.5,0.04,20.0
265,70.56,58.0,21.59,11.76
265,38.0,35.0,6.9,3.0
265,120.29,86.0,24.43,10.0
265,45.96,37.5,8.56,7.66
264,8.3,7.0,0.04,1.0
265,20.15,15.0,4.4,3.35
264,10.1,8.8,0.02,1.0
265,41.76,33.5,9.53,6.96
265,118.5,80.0,10.1,23.7
264,8.84,5.5,0.99,2.04
265,35.76,28.5,8.37,5.96
264,8.76,7.0,0.3,1.46
265,33.36,26.5,8.26,5.56
264,160.4,160.0,0.34,0.1
265,32.3,29.0,8.65,2.0
265,107.64,95.0,25.87,0.1
265,93.3,70.5,26.2,21.5
265,34.11,26.0,8.42,5.36
264,6.89,5.0,0.02,1.59
265,61.3,55.5,20.14,5.0
265,130.39,100.0,35.99,30.09
265,54.3,32.0,9.2,5.0
265,57.96,47.5,14.15,9.66
264,62.3,60.0,0.02,2.0
265,58.26,34.0,11.84,9.71
265,6.81,6.0,1.05,0.01
265,74.46,47.5,17.31,12.41
264,24.36,20.0,0.01,4.06
264,11.3,10.0,0.25,1.0
265,62.16,36.0,9.36,10.36
265,42.96,34.5,12.35,7.16
265,39.36,31.5,11.04,6.56
265,38.16,30.5,10.72,6.36
265,40.3,35.0,12.38,4.0
265,84.61,62.0,23.62,8.86
264,72.36,60.0,0.08,12.06
265,47.15,38.0,10.9,7.85
264,8.16,5.5,0.96,1.36
265,132.36,110.0,14.75,22.06
265,104.39,79.0,21.14,24.09
264,12.3,2.5,0.01,9.0
265,72.4,45.0,15.5,12.05
265,26.8,24.0,7.51,2.0
264,45.31,45.0,0.2,0.01
264,19.3,17.0,0.03,2.0
264,20.76,17.0,0.05,3.46
264,20.3,15.0,0.02,5.0
264,22.56,17.5,4.58,3.76
265,33.75,20.0,2.0,2.0
264,9.96,8.0,0.01,1.66
265,50.35,39.5,11.4,10.05
265,73.56,60.5,14.7,12.26
265,78.5,61.0,18.44,15.7
265,56.9,31.0,8.8,11.35
264,9.96,8.0,0.01,1.66
264,7.8,7.0,0.01,0.5
265,54.36,44.0,15.39,9.06
265,54.75,42.5,13.26,10.95
265,39.36,31.5,9.27,6.56
264,19.89,14.5,3.55,4.59
265,61.3,57.5,20.85,3.0
264,31.62,25.0,0.04,6.32
265,59.8,53.5,13.47,5.5
265,37.05,21.5,7.02,3.0
264,40.3,35.0,0.04,5.0
265,32.76,25.5,7.51,5.46
265,50.76,40.5,10.61,8.46
264,10.88,10.5,0.02,0.08
265,45.24,33.5,12.15,10.44
264,38.19,26.5,7.69,7.64
265,59.8,54.5,20.35,4.0
264,45.3,40.0,0.04,5.0
264,18.36,15.0,0.01,3.06
265,50.75,41.0,11.7,8.45
264,103.56,86.0,0.01,17.26
264,19.05,12.5,2.85,2.0
265,41.0,31.0,9.66,8.2
265,77.16,62.5,15.97,12.86
265,25.09,18.0,4.71,5.79
264,26.3,25.0,0.01,1.0
265,35.8,32.0,7.37,3.0
265,72.26,57.0,21.04,6.39
264,22.3,20.0,0.02,2.0
265,52.0,45.0,6.8,7.0
264,14.8,13.0,2.43,1.0
265,30.0,26.5,9.3,2.7
265,56.16,46.0,16.71,9.36
265,30.36,24.5,7.1,5.06
265,45.6,45.0,0.01,0.3
265,68.42,53.5,17.27,8.0
264,3.96,2.5,1.03,0.66
264,42.36,35.0,0.04,7.06
265,23.8,21.0,2.65,2.0
264,44.12,35.0,0.02,8.82
265,98.62,87.0,24.58,4.7
264,17.8,14.0,3.24,2.0
264,27.0,25.0,0.01,2.0
264,14.76,12.0,0.01,2.46
264,12.36,10.0,0.04,2.06
265,24.44,17.5,4.34,5.64
264,14.16,10.5,2.16,2.36
265,41.16,33.0,9.24,6.86
265,39.3,33.5,10.65,5.0
265,30.8,27.0,8.95,3.0
265,52.26,31.0,10.32,8.71
264,15.0,2.5,0.01,11.7
265,42.88,33.5,8.83,8.58
264,54.0,45.0,0.02,9.0
264,12.36,10.0,0.01,2.06
264,21.66,13.5,3.16,3.61
264,9.0,8.0,0.02,0.7
264,30.36,25.0,0.01,5.06
265,90.36,75.0,29.27,15.06
265,40.56,32.5,9.19,6.76
264,12.36,10.0,0.04,2.06
265,40.8,38.0,13.2,2.0
265,34.56,28.0,7.58,5.76
264,16.0,2.5,0.01,12.7
264,14.8,12.0,3.02,2.0
264,40.4,40.0,0.16,0.1
265,113.16,93.0,24.73,18.86
264,18.8,16.5,4.93,1.0
264,19.56,16.0,0.04,3.26
264,9.96,8.0,0.01,1.66
265,114.06,78.0,21.25,19.01
265,15.36,12.0,2.95,2.56
265,39.05,30.5,8.95,5.0
264,15.85,10.0,0.01,5.55
264,19.12,15.0,0.06,3.82
264,8.0,2.5,0.03,4.2
264,12.36,10.0,0.01,2.06
265,117.79,52.0,24.69,50.0
265,15.36,12.0,3.64,2.56
264,25.56,21.0,0.04,4.26
264,59.3,50.0,0.12,9.0
264,7.0,4.0,0.4,1.2
264,12.35,9.5,2.1,2.05
265,38.16,30.5,8.98,6.36
265,44.15,36.0,12.5,7.35
264,65.31,65.0,0.01,0.01
265,82.05,69.0,18.83,1.0
264,15.72,12.8,0.02,2.62
264,10.0,8.0,0.02,2.0
265,77.16,63.5,14.46,12.86
265,20.0,16.0,3.16,3.2
265,54.96,45.0,11.86,9.16
265,38.8,33.0,9.56,5.0
264,14.1,13.0,0.21,0.8
265,34.0,30.5,9.62,2.7
265,39.3,36.5,13.15,2.0
264,12.0,10.0,0.01,1.7
265,53.46,32.5,5.02,8.91
265,39.3,33.5,10.15,5.0
264,14.76,12.0,0.04,2.46
264,7.92,6.3,0.02,1.32
265,55.8,40.0,20.08,15.0
265,26.16,21.0,6.82,4.36
264,10.14,7.0,1.47,2.34
264,13.39,10.0,0.01,3.09
265,33.3,29.5,10.34,3.0
264,50.76,42.0,0.01,8.46
265,36.6,33.0,11.89,2.8
265,50.76,40.5,11.0,8.46
265,42.64,31.0,10.88,9.84
265,39.3,35.5,12.9,3.0
265,91.71,57.5,19.86,14.96
265,61.3,52.5,19.29,8.0
265,27.38,26.5,8.65,0.08
264,9.96,8.0,0.03,1.66
265,30.14,22.69,6.86,4.7
265,51.85,26.28,7.45,8.32
265,98.93,66.89,17.6,14.79
264,11.08,8.0,2.02,0.83
265,46.8,42.5,14.41,3.0
264,10.8,2.5,0.02,7.0
265,97.11,61.0,19.91,15.86
264,21.41,20.0,0.02,1.11
264,6.3,2.5,0.01,3.0
265,40.0,37.5,13.48,1.7
264,35.6,35.0,0.01,0.3
264,33.66,24.5,7.76,5.61
264,18.8,15.0,4.57,2.0
264,16.8,14.0,0.01,2.5
265,62.8,53.0,19.3,9.0
265,51.96,42.5,11.1,8.66
265,39.55,36.0,12.17,2.75
264,266.16,220.0,0.14,44.36
265,52.32,25.5,7.33,6.57
264,16.18,15.55,0.04,0.33
265,31.8,26.0,8.67,5.0
264,18.18,15.5,3.71,0.88
265,17.05,13.5,3.48,2.75
265,98.55,95.0,33.79,2.75
265,22.05,18.5,5.48,2.75
265,14.76,11.5,3.39,2.46
264,16.0,2.5,0.02,12.7
265,56.31,43.5,14.84,9.06
265,83.7,56.7,35.91,13.95
265,27.05,23.5,4.39,2.75
264,19.3,18.0,0.01,1.0
264,9.49,7.0,0.02,2.19
265,44.76,36.5,13.12,7.46
265,29.05,25.5,7.9,2.75
264,15.88,15.55,0.01,0.03
264,12.52,11.11,0.03,1.11
265,73.3,56.0,19.29,2.75
265,15.55,11.0,2.19,2.75
265,127.36,95.2,35.91,16.61
264,36.55,33.0,3.81,2.75
264,70.55,67.0,8.18,2.75
265,72.05,68.5,25.3,2.75
264,35.8,27.0,7.39,8.0
265,5.3,2.5,0.07,2.0
265,43.55,39.0,13.83,2.75
264,10.4,10.0,0.12,0.1
264,12.36,10.0,0.01,2.06
265,75.3,64.5,24.24,10.0
264,33.3,2.5,0.06,30.0
264,8.3,2.5,0.01,4.0
264,11.3,10.0,0.02,1.0
264,12.3,10.0,0.04,2.0
265,37.05,33.5,15.27,2.75
265,33.23,30.18,5.26,2.75
265,29.29,26.24,5.2,2.75
264,38.47,35.42,0.24,2.75
265,39.55,36.5,17.39,2.75
265,28.44,24.89,8.82,2.75
265,29.95,26.9,9.64,2.75
265,65.19,56.02,21.69,2.75
265,27.76,24.71,6.36,2.75
265,38.77,35.72,13.59,2.75
265,30.51,27.46,10.37,2.75
265,30.88,27.83,9.32,2.75
265,31.01,27.96,13.41,2.75
265,12.14,9.09,3.47,2.75
265,61.03,51.86,20.22,2.75
265,44.56,39.22,17.26,2.75
265,55.93,46.26,19.98,2.75
265,33.08,30.03,5.26,2.75
265,15.05,12.0,3.52,2.75
265,19.35,16.3,3.34,2.75
265,85.7,56.7,35.91,13.95
265,22.42,19.37,4.92,2.75
265,20.6,17.55,6.39,2.75
265,38.11,35.06,14.43,2.75
265,54.03,50.98,31.08,2.75
265,33.16,30.11,5.02,2.75
265,39.84,36.79,28.2,2.75
265,17.93,14.88,3.48,2.75
265,129.36,95.2,35.91,16.61
265,18.72,15.67,7.12,2.75
265,72.74,53.94,16.78,2.0
265,97.79,67.44,21.99,16.3
265,97.46,74.8,25.56,16.24
265,49.44,46.39,17.57,2.75
265,29.89,26.64,9.84,2.75
265,57.71,34.04,11.19,9.62
265,54.4,39.06,10.25,0.54
265,76.25,62.9,24.3,6.93
265,21.15,18.1,5.04,2.75
265,36.35,27.18,12.97,2.75
265,70.68,58.6,20.39,11.78
265,21.91,17.96,3.84,3.65
265,91.6,80.14,30.88,2.75
265,38.74,31.98,7.38,6.46
265,41.63,34.39,10.29,6.94
265,23.55,20.0,5.66,2.75
264,11.16,9.0,0.04,1.86
264,11.31,11.0,0.02,0.01
265,27.96,22.5,7.57,4.66
265,48.31,48.0,0.09,0.01
265,41.05,37.5,7.36,2.75
265,54.05,50.5,5.93,2.75
265,40.3,36.5,10.13,3.0
265,15.05,11.0,2.5,2.75
265,142.05,117.5,24.85,10.0
265,30.05,26.5,7.29,2.75
264,11.75,9.0,1.7,1.95
264,39.66,29.5,9.68,6.61
265,30.3,26.5,9.15,3.0
265,28.3,25.0,7.35,3.0
265,25.8,22.5,7.57,2.0
265,99.79,83.0,31.24,2.75
264,9.36,7.0,1.23,1.56
265,34.05,30.5,9.68,2.75
265,26.55,23.0,4.19,2.75
265,49.71,24.0,6.77,7.96
264,7.3,2.5,0.01,4.0
264,9.96,8.0,0.01,1.66
265,32.05,28.5,9.83,2.75
265,72.8,57.5,20.8,2.75
264,80.55,76.0,5.7,2.75
264,50.4,50.0,0.13,0.1
264,14.9,3.5,0.54,10.1
265,85.05,82.0,22.3,2.75
265,25.05,20.5,4.6,2.75
265,44.8,38.0,12.8,5.0
264,6.36,5.0,0.01,1.06
265,54.55,50.0,17.33,2.75
265,112.0,91.5,21.86,4.0
265,23.05,19.5,4.1,2.75
265,25.3,22.5,7.39,2.0
265,38.55,35.0,10.49,2.75
265,70.8,53.5,20.1,2.75
265,26.76,22.0,0.31,4.46
265,47.05,43.5,13.99,2.75
265,53.05,49.5,18.39,2.75
264,29.02,26.0,8.83,2.22
264,11.75,8.5,2.0,1.95
265,42.55,38.0,12.45,2.75
265,43.05,39.5,8.95,2.75
264,11.18,9.0,0.03,1.88
265,55.56,45.5,12.73,9.26
265,75.05,61.5,21.76,10.0
265,120.06,88.0,26.01,20.01
264,11.76,8.0,1.47,1.96
265,73.09,45.5,16.64,6.47
265,47.05,42.5,9.18,2.75
265,27.05,22.5,7.84,2.75
264,20.05,16.5,3.08,2.75
265,69.05,65.5,24.75,2.75
265,53.69,40.5,15.01,12.39
264,10.38,8.0,0.01,2.08
264,8.38,8.0,0.01,0.08
265,22.55,19.0,3.82,2.75
265,47.1,26.5,9.43,4.1
265,72.05,68.5,15.57,2.75
265,30.36,24.5,6.98,5.06
265,64.55,47.5,9.95,5.0
265,32.3,27.5,9.5,4.0
264,22.8,20.0,0.04,2.5
265,72.67,63.0,23.34,2.75
265,15.55,12.0,2.53,2.75
265,76.67,67.0,22.88,2.75
264,12.24,9.9,0.02,2.04
265,20.55,16.0,4.12,2.75
265,62.61,35.0,12.0,10.11
265,65.95,63.5,23.5,0.65
265,99.79,83.0,31.15,2.75
265,46.3,37.5,13.26,7.0
265,69.17,59.5,21.47,2.75
265,27.55,23.0,4.64,2.75
264,8.8,2.5,0.01,4.5
265,65.0,0.0,0.43,65.0
265,62.67,53.0,17.82,2.75
265,22.55,19.0,3.98,2.75
264,12.39,12.0,0.01,0.09
264,10.38,10.0,0.02,0.08
265,69.55,66.0,24.83,2.75
265,50.55,35.5,6.02,1.0
265,133.0,120.0,27.09,0.95
265,41.64,34.4,10.37,6.94
265,90.76,81.59,32.67,2.75
264,10.75,8.0,0.14,2.75
265,66.45,57.28,22.2,2.75
265,14.2,11.15,3.32,2.75
265,89.62,86.57,32.33,2.75
265,66.28,57.11,22.0,2.75
265,23.28,20.23,4.79,2.75
265,90.84,81.67,33.02,2.75
265,27.56,24.51,5.47,2.75
265,17.09,14.04,3.64,2.75
265,42.79,39.74,14.16,2.75
265,103.25,87.96,34.38,2.75
265,27.52,24.47,4.79,2.75
265,61.77,52.1,20.35,2.75
265,19.81,16.76,5.57,2.75
265,91.25,82.08,32.72,2.75
265,22.81,19.76,6.59,2.75
265,91.03,81.86,32.74,2.75
265,26.59,23.54,5.72,2.75
265,56.43,46.76,17.52,2.75
265,90.12,80.95,32.42,2.75
265,24.15,21.1,8.11,2.75
265,69.42,60.25,22.95,2.75
265,33.76,30.21,11.0,2.75
265,32.66,29.61,9.95,2.75
265,26.35,23.3,5.68,2.75
265,90.06,80.89,32.38,2.75
265,88.46,79.29,21.65,2.75
265,28.03,24.98,9.31,2.75
265,43.41,40.36,13.1,2.75
265,37.48,34.43,11.89,2.75
265,47.75,44.7,20.66,2.75
265,16.7,13.45,5.77,2.75
265,55.65,58.7,18.47,2.75
265,27.8,24.75,5.56,2.75
265,88.62,79.45,32.13,2.75
265,51.75,48.7,13.12,2.75
265,21.03,17.98,5.6,2.75
265,41.39,38.34,13.33,2.75
265,42.2,39.15,15.05,2.75
265,30.25,27.2,12.43,2.75
265,21.66,18.61,6.55,2.75
265,29.33,26.28,11.74,2.75
265,33.43,30.18,4.74,2.75
265,33.76,30.71,8.71,2.75
265,91.33,82.16,32.72,2.75
265,58.38,49.21,19.25,2.75
265,71.91,62.74,22.39,2.75
265,36.66,33.61,15.11,2.75
265,87.41,84.36,34.15,2.75
265,18.36,15.31,4.26,2.75
265,38.45,35.4,11.82,2.75
265,89.97,80.8,32.55,2.75
265,18.66,15.61,5.27,2.75
265,38.14,35.09,13.25,2.75
265,61.24,52.07,20.57,2.75
265,26.53,23.48,7.56,2.75
265,45.02,41.97,2.04,2.75
265,91.35,82.18,32.75,2.75
264,23.81,20.76,7.71,2.75
265,33.17,30.12,4.84,2.75
265,85.41,76.24,29.34,2.75
265,92.73,83.56,33.46,2.75
265,17.04,13.99,3.77,2.75
265,19.91,16.86,3.43,2.75
265,27.68,24.63,5.07,2.75
265,23.25,20.2,7.55,2.75
265,55.08,45.91,20.5,2.75
264,32.5,25.34,7.97,4.11
265,75.61,66.44,4.81,2.75
265,25.8,22.75,14.75,2.75
265,39.09,33.29,13.22,2.75
265,20.3,17.5,5.4,2.0
265,47.05,43.5,14.97,2.75
265,52.55,48.0,16.71,2.75
265,99.79,83.0,31.41,2.75
265,59.67,50.0,18.71,2.75
265,58.17,48.5,17.89,2.75
265,103.31,69.5,23.85,9.39
265,24.75,19.5,6.28,2.0
265,60.55,57.0,20.83,2.75
265,59.17,49.5,18.73,2.75
265,32.88,25.5,8.36,6.58
265,59.55,56.0,10.99,2.75
265,18.05,14.5,3.53,2.75
265,60.55,57.0,11.02,2.75
265,5.91,2.5,0.5,0.66
265,29.55,25.0,4.61,2.75
265,59.55,55.0,18.7,2.75
265,51.12,38.0,10.83,8.52
265,62.16,50.5,18.82,10.36
265,54.55,51.0,11.28,2.75
265,79.67,70.0,23.33,2.75
265,23.55,20.0,4.21,2.75
265,60.17,50.5,17.93,2.75
265,15.82,15.0,4.7,0.02
265,26.05,22.5,7.04,2.75
265,59.17,49.5,18.72,2.75
265,23.55,20.0,5.86,2.75
264,9.96,8.0,0.01,1.66
265,66.3,50.5,14.81,2.75
264,58.17,48.5,15.56,2.75
265,59.67,50.0,18.74,2.75
265,25.74,19.0,5.72,5.94
265,61.67,52.0,18.54,2.75
265,71.8,56.5,18.52,2.75
265,26.55,22.0,6.9,2.75
265,67.33,37.0,12.06,13.08
264,8.8,6.5,1.11,1.0
265,49.71,39.0,13.38,7.96
265,20.55,17.0,3.99,2.75
264,9.96,8.0,0.04,1.66
265,33.06,16.2,7.26,4.31
265,48.55,45.0,14.97,2.75
265,53.16,43.5,12.26,8.86
265,17.55,14.0,3.84,2.75
265,29.3,26.5,7.94,2.0
265,66.67,56.0,19.71,2.75
265,60.17,50.5,18.68,2.75
265,103.55,88.0,28.77,1.0
265,48.05,44.5,14.36,2.75
265,80.17,70.5,22.09,2.75
265,53.67,44.0,14.7,2.75
265,67.17,56.5,19.01,2.75
265,66.55,62.0,20.12,2.75
265,34.84,26.0,8.35,8.04
265,22.05,18.5,2.45,2.75
265,99.79,84.0,31.12,2.75
265,68.87,57.5,21.5,2.0
265,60.17,50.5,18.68,2.75
265,29.05,25.5,4.27,2.75
265,49.92,40.0,13.91,3.0
265,56.67,47.0,17.11,2.75
265,99.79,84.0,31.19,2.75
264,14.3,2.5,0.2,11.0
264,16.1,14.8,0.25,1.0
265,37.55,33.0,10.67,2.75
264,13.39,9.5,1.68,3.09
265,79.17,69.5,23.41,2.75
265,55.3,40.0,11.16,2.75
265,31.05,27.5,4.55,2.75
265,75.25,70.5,15.35,2.0
265,51.78,28.0,8.31,4.53
264,11.0,2.5,0.02,7.7
264,48.55,45.0,14.4,2.75
265,35.01,13.0,3.78,5.51
264,14.8,2.5,0.01,11.0
265,76.67,67.0,23.7,2.75
265,71.05,67.5,24.62,2.75
265,57.55,54.0,11.8,2.75
265,80.8,63.5,22.01,2.75
265,17.55,14.0,1.25,2.75
264,18.05,13.0,3.98,1.5
264,9.96,8.0,0.02,1.66
265,50.55,47.0,11.66,2.75
265,75.67,65.0,19.43,2.75
264,22.25,16.0,4.22,4.45
265,19.05,14.5,3.52,2.75
265,52.55,48.0,17.28,2.75
265,59.17,49.5,18.68,2.75
265,43.94,33.0,9.79,10.14
265,181.74,139.0,51.16,41.94
265,105.21,73.5,25.02,17.21
265,62.17,52.5,17.91,2.75
264,13.3,3.0,0.26,9.0
265,59.31,46.5,16.28,9.56
265,128.75,85.0,31.93,21.13
265,73.86,58.0,19.3,12.31
265,21.36,17.0,4.78,3.56
265,31.14,26.0,7.65,1.39
265,173.19,125.5,47.59,34.64
264,8.68,8.3,0.01,0.08
265,75.55,66.5,15.33,3.5
265,69.55,65.0,24.14,2.75
264,23.16,18.0,5.56,3.86
265,36.0,27.5,9.1,7.2
265,76.3,69.5,23.3,5.0
265,21.05,16.5,4.43,2.75
265,85.05,80.5,26.18,2.75
264,9.96,8.0,0.02,1.66
265,30.55,27.0,7.37,2.75
265,61.56,50.0,18.36,10.26
264,12.36,10.0,0.01,2.06
265,63.3,41.0,13.39,5.0
265,19.55,16.0,3.87,2.75
264,9.0,8.0,26.46,1.0
265,28.55,24.0,3.83,2.75
265,58.71,46.0,16.01,9.46
265,59.17,49.5,18.67,2.75
265,98.17,88.5,32.86,2.75
265,50.57,45.5,10.08,2.32
265,89.31,54.5,13.8,14.56
265,62.3,55.5,20.7,5.0
264,13.09,10.61,0.11,2.18
265,98.14,95.09,34.04,2.75
265,63.78,47.59,19.13,9.77
265,90.25,81.08,33.26,2.75
265,37.52,34.47,10.56,2.75
265,31.12,28.07,9.72,2.75
265,18.04,14.99,6.31,2.75
265,20.31,17.26,5.7,2.75
265,63.82,60.77,24.42,2.75
265,33.12,30.07,4.88,2.75
265,24.15,21.1,10.46,2.75
265,64.58,55.41,23.44,2.75
265,23.73,20.68,8.14,2.75
265,26.28,21.53,7.97,4.45
265,120.5,106.03,32.08,14.17
265,75.53,51.83,23.81,2.75
265,91.53,74.73,3.69,2.75
265,67.4,58.23,19.85,2.75
265,37.37,34.32,12.34,2.75
265,91.22,82.05,32.72,2.75
265,37.19,28.02,12.3,2.75
265,21.4,18.35,8.5,2.75
265,42.6,39.55,15.23,2.75
265,91.82,88.77,30.7,2.75
265,27.49,23.94,9.16,2.75
265,21.11,18.06,5.98,2.75
265,34.24,31.19,13.37,2.75
265,21.72,18.67,5.54,2.75
265,19.35,16.3,16.61,2.75
265,31.34,28.29,11.31,2.75
265,33.44,29.89,9.97,2.75
265,67.9,58.73,22.99,2.75
265,48.59,45.54,14.31,2.75
265,14.42,11.37,2.06,2.75
265,33.1,30.05,4.87,2.75
265,31.32,28.27,10.01,2.75
265,54.75,51.7,14.44,2.75
265,40.56,37.51,13.67,2.75
265,33.06,16.2,7.26,4.31
265,24.64,21.59,6.66,2.75
265,43.8,40.75,6.59,2.75
265,32.5,29.45,5.29,2.75
265,57.3,48.13,13.38,2.75
264,57.9,54.85,22.31,2.75
265,56.81,47.64,19.74,2.75
265,115.0,99.71,33.98,2.75
265,51.9,48.85,13.79,2.75
265,70.8,67.75,18.66,2.75
265,81.0,72.19,21.43,2.75
265,21.63,18.58,3.86,2.75
265,106.75,97.58,32.04,2.75
265,31.79,28.74,9.07,2.75
265,54.6,51.55,13.23,2.75
265,81.0,77.95,22.11,2.75
265,55.35,46.54,17.92,2.75
265,75.29,66.12,24.09,2.75
265,44.09,38.24,10.9,2.75
265,25.5,22.45,1.89,2.75
265,65.86,62.81,15.4,2.75
265,49.2,46.15,10.17,2.75
265,48.44,45.39,11.77,2.75
265,31.79,28.74,9.54,2.75
265,73.5,64.33,19.43,2.75
265,106.75,97.58,32.47,2.75
265,57.3,54.25,15.41,2.75
265,32.5,29.45,5.97,2.75
265,22.0,18.95,2.83,2.75
265,51.9,48.85,11.1,2.75
265,49.2,46.15,15.02,2.75
265,62.7,59.65,13.7,2.75
265,109.5,100.33,33.14,2.75
265,43.21,34.04,12.57,2.75
265,31.79,28.74,4.34,2.75
265,46.5,43.45,10.04,2.75
